id;curso;asignatura;tema;concepto;nivel;tipo;pregunta;opciones;respuesta_correcta;extra;activa
Q000001;3EP;Lengua;gramatica;sustantivos;1;test;¿Cuál de estas palabras es un sustantivo? (nivel 1);casa|rápido|correr|azul;casa;Busca una palabra que nombre una persona, animal, lugar o cosa.;1
Q000002;3EP;Lengua;gramatica;sustantivos;1;test;¿Cuál de estas palabras es un sustantivo? (nivel 1);perro|rápido|correr|azul;perro;Busca una palabra que nombre una persona, animal, lugar o cosa.;1
Q000003;3EP;Lengua;gramatica;sustantivos;1;test;¿Cuál de estas palabras es un sustantivo? (nivel 1);mesa|rápido|correr|azul;mesa;Busca una palabra que nombre una persona, animal, lugar o cosa.;1
Q000004;3EP;Lengua;gramatica;sustantivos;1;test;¿Cuál de estas palabras es un sustantivo? (nivel 1);niña|rápido|correr|azul;niña;Busca una palabra que nombre una persona, animal, lugar o cosa.;1
Q000005;3EP;Lengua;gramatica;sustantivos;1;test;¿Cuál de estas palabras es un sustantivo? (nivel 1);colegio|rápido|correr|azul;colegio;Busca una palabra que nombre una persona, animal, lugar o cosa.;1
Q000006;3EP;Lengua;gramatica;sustantivos;1;test;¿Cuál de estas palabras es un sustantivo? (nivel 1);libro|rápido|correr|azul;libro;Busca una palabra que nombre una persona, animal, lugar o cosa.;1
Q000007;3EP;Lengua;gramatica;sustantivos;1;test;¿Cuál de estas palabras es un sustantivo? (nivel 1);parque|rápido|correr|azul;parque;Busca una palabra que nombre una persona, animal, lugar o cosa.;1
Q000008;3EP;Lengua;gramatica;sustantivos;1;test;¿Cuál de estas palabras es un sustantivo? (nivel 1);flor|rápido|correr|azul;flor;Busca una palabra que nombre una persona, animal, lugar o cosa.;1
Q000009;3EP;Lengua;gramatica;sustantivos;1;test;¿Cuál de estas palabras es un sustantivo? (nivel 1);coche|rápido|correr|azul;coche;Busca una palabra que nombre una persona, animal, lugar o cosa.;1
Q000010;3EP;Lengua;gramatica;sustantivos;1;test;¿Cuál de estas palabras es un sustantivo? (nivel 1);mar|rápido|correr|azul;mar;Busca una palabra que nombre una persona, animal, lugar o cosa.;1
Q000011;3EP;Lengua;gramatica;sustantivos;1;completar;Completa con un sustantivo: La ___ está en su sitio. (nivel 1);casa|corre|bonita|rápidamente;casa;Elige una palabra que nombre algo.;1
Q000012;3EP;Lengua;gramatica;sustantivos;1;completar;Completa con un sustantivo: La ___ está en su sitio. (nivel 1);perro|corre|bonita|rápidamente;perro;Elige una palabra que nombre algo.;1
Q000013;3EP;Lengua;gramatica;sustantivos;1;completar;Completa con un sustantivo: La ___ está en su sitio. (nivel 1);mesa|corre|bonita|rápidamente;mesa;Elige una palabra que nombre algo.;1
Q000014;3EP;Lengua;gramatica;sustantivos;1;completar;Completa con un sustantivo: La ___ está en su sitio. (nivel 1);niña|corre|bonita|rápidamente;niña;Elige una palabra que nombre algo.;1
Q000015;3EP;Lengua;gramatica;sustantivos;1;completar;Completa con un sustantivo: La ___ está en su sitio. (nivel 1);colegio|corre|bonita|rápidamente;colegio;Elige una palabra que nombre algo.;1
Q000016;3EP;Lengua;gramatica;sustantivos;1;completar;Completa con un sustantivo: La ___ está en su sitio. (nivel 1);libro|corre|bonita|rápidamente;libro;Elige una palabra que nombre algo.;1
Q000017;3EP;Lengua;gramatica;sustantivos;1;completar;Completa con un sustantivo: La ___ está en su sitio. (nivel 1);parque|corre|bonita|rápidamente;parque;Elige una palabra que nombre algo.;1
Q000018;3EP;Lengua;gramatica;sustantivos;1;completar;Completa con un sustantivo: La ___ está en su sitio. (nivel 1);flor|corre|bonita|rápidamente;flor;Elige una palabra que nombre algo.;1
Q000019;3EP;Lengua;gramatica;sustantivos;1;completar;Completa con un sustantivo: La ___ está en su sitio. (nivel 1);coche|corre|bonita|rápidamente;coche;Elige una palabra que nombre algo.;1
Q000020;3EP;Lengua;gramatica;sustantivos;1;completar;Completa con un sustantivo: La ___ está en su sitio. (nivel 1);mar|corre|bonita|rápidamente;mar;Elige una palabra que nombre algo.;1
Q000021;3EP;Lengua;gramatica;sustantivos;2;test;¿Cuál de estas palabras es un sustantivo? (nivel 2);casa|rápido|correr|azul;casa;Busca una palabra que nombre una persona, animal, lugar o cosa.;1
Q000022;3EP;Lengua;gramatica;sustantivos;2;test;¿Cuál de estas palabras es un sustantivo? (nivel 2);perro|rápido|correr|azul;perro;Busca una palabra que nombre una persona, animal, lugar o cosa.;1
Q000023;3EP;Lengua;gramatica;sustantivos;2;test;¿Cuál de estas palabras es un sustantivo? (nivel 2);mesa|rápido|correr|azul;mesa;Busca una palabra que nombre una persona, animal, lugar o cosa.;1
Q000024;3EP;Lengua;gramatica;sustantivos;2;test;¿Cuál de estas palabras es un sustantivo? (nivel 2);niña|rápido|correr|azul;niña;Busca una palabra que nombre una persona, animal, lugar o cosa.;1
Q000025;3EP;Lengua;gramatica;sustantivos;2;test;¿Cuál de estas palabras es un sustantivo? (nivel 2);colegio|rápido|correr|azul;colegio;Busca una palabra que nombre una persona, animal, lugar o cosa.;1
Q000026;3EP;Lengua;gramatica;sustantivos;2;test;¿Cuál de estas palabras es un sustantivo? (nivel 2);libro|rápido|correr|azul;libro;Busca una palabra que nombre una persona, animal, lugar o cosa.;1
Q000027;3EP;Lengua;gramatica;sustantivos;2;test;¿Cuál de estas palabras es un sustantivo? (nivel 2);parque|rápido|correr|azul;parque;Busca una palabra que nombre una persona, animal, lugar o cosa.;1
Q000028;3EP;Lengua;gramatica;sustantivos;2;test;¿Cuál de estas palabras es un sustantivo? (nivel 2);flor|rápido|correr|azul;flor;Busca una palabra que nombre una persona, animal, lugar o cosa.;1
Q000029;3EP;Lengua;gramatica;sustantivos;2;test;¿Cuál de estas palabras es un sustantivo? (nivel 2);coche|rápido|correr|azul;coche;Busca una palabra que nombre una persona, animal, lugar o cosa.;1
Q000030;3EP;Lengua;gramatica;sustantivos;2;test;¿Cuál de estas palabras es un sustantivo? (nivel 2);mar|rápido|correr|azul;mar;Busca una palabra que nombre una persona, animal, lugar o cosa.;1
Q000031;3EP;Lengua;gramatica;sustantivos;2;completar;Completa con un sustantivo: La ___ está en su sitio. (nivel 2);casa|corre|bonita|rápidamente;casa;Elige una palabra que nombre algo.;1
Q000032;3EP;Lengua;gramatica;sustantivos;2;completar;Completa con un sustantivo: La ___ está en su sitio. (nivel 2);perro|corre|bonita|rápidamente;perro;Elige una palabra que nombre algo.;1
Q000033;3EP;Lengua;gramatica;sustantivos;2;completar;Completa con un sustantivo: La ___ está en su sitio. (nivel 2);mesa|corre|bonita|rápidamente;mesa;Elige una palabra que nombre algo.;1
Q000034;3EP;Lengua;gramatica;sustantivos;2;completar;Completa con un sustantivo: La ___ está en su sitio. (nivel 2);niña|corre|bonita|rápidamente;niña;Elige una palabra que nombre algo.;1
Q000035;3EP;Lengua;gramatica;sustantivos;2;completar;Completa con un sustantivo: La ___ está en su sitio. (nivel 2);colegio|corre|bonita|rápidamente;colegio;Elige una palabra que nombre algo.;1
Q000036;3EP;Lengua;gramatica;sustantivos;2;completar;Completa con un sustantivo: La ___ está en su sitio. (nivel 2);libro|corre|bonita|rápidamente;libro;Elige una palabra que nombre algo.;1
Q000037;3EP;Lengua;gramatica;sustantivos;2;completar;Completa con un sustantivo: La ___ está en su sitio. (nivel 2);parque|corre|bonita|rápidamente;parque;Elige una palabra que nombre algo.;1
Q000038;3EP;Lengua;gramatica;sustantivos;2;completar;Completa con un sustantivo: La ___ está en su sitio. (nivel 2);flor|corre|bonita|rápidamente;flor;Elige una palabra que nombre algo.;1
Q000039;3EP;Lengua;gramatica;sustantivos;2;completar;Completa con un sustantivo: La ___ está en su sitio. (nivel 2);coche|corre|bonita|rápidamente;coche;Elige una palabra que nombre algo.;1
Q000040;3EP;Lengua;gramatica;sustantivos;2;completar;Completa con un sustantivo: La ___ está en su sitio. (nivel 2);mar|corre|bonita|rápidamente;mar;Elige una palabra que nombre algo.;1
Q000041;3EP;Lengua;gramatica;sustantivos;3;test;¿Cuál de estas palabras es un sustantivo? (nivel 3);casa|rápido|correr|azul;casa;Busca una palabra que nombre una persona, animal, lugar o cosa.;1
Q000042;3EP;Lengua;gramatica;sustantivos;3;test;¿Cuál de estas palabras es un sustantivo? (nivel 3);perro|rápido|correr|azul;perro;Busca una palabra que nombre una persona, animal, lugar o cosa.;1
Q000043;3EP;Lengua;gramatica;sustantivos;3;test;¿Cuál de estas palabras es un sustantivo? (nivel 3);mesa|rápido|correr|azul;mesa;Busca una palabra que nombre una persona, animal, lugar o cosa.;1
Q000044;3EP;Lengua;gramatica;sustantivos;3;test;¿Cuál de estas palabras es un sustantivo? (nivel 3);niña|rápido|correr|azul;niña;Busca una palabra que nombre una persona, animal, lugar o cosa.;1
Q000045;3EP;Lengua;gramatica;sustantivos;3;test;¿Cuál de estas palabras es un sustantivo? (nivel 3);colegio|rápido|correr|azul;colegio;Busca una palabra que nombre una persona, animal, lugar o cosa.;1
Q000046;3EP;Lengua;gramatica;sustantivos;3;test;¿Cuál de estas palabras es un sustantivo? (nivel 3);libro|rápido|correr|azul;libro;Busca una palabra que nombre una persona, animal, lugar o cosa.;1
Q000047;3EP;Lengua;gramatica;sustantivos;3;test;¿Cuál de estas palabras es un sustantivo? (nivel 3);parque|rápido|correr|azul;parque;Busca una palabra que nombre una persona, animal, lugar o cosa.;1
Q000048;3EP;Lengua;gramatica;sustantivos;3;test;¿Cuál de estas palabras es un sustantivo? (nivel 3);flor|rápido|correr|azul;flor;Busca una palabra que nombre una persona, animal, lugar o cosa.;1
Q000049;3EP;Lengua;gramatica;sustantivos;3;test;¿Cuál de estas palabras es un sustantivo? (nivel 3);coche|rápido|correr|azul;coche;Busca una palabra que nombre una persona, animal, lugar o cosa.;1
Q000050;3EP;Lengua;gramatica;sustantivos;3;test;¿Cuál de estas palabras es un sustantivo? (nivel 3);mar|rápido|correr|azul;mar;Busca una palabra que nombre una persona, animal, lugar o cosa.;1
Q000051;3EP;Lengua;gramatica;sustantivos;3;completar;Completa con un sustantivo: La ___ está en su sitio. (nivel 3);casa|corre|bonita|rápidamente;casa;Elige una palabra que nombre algo.;1
Q000052;3EP;Lengua;gramatica;sustantivos;3;completar;Completa con un sustantivo: La ___ está en su sitio. (nivel 3);perro|corre|bonita|rápidamente;perro;Elige una palabra que nombre algo.;1
Q000053;3EP;Lengua;gramatica;sustantivos;3;completar;Completa con un sustantivo: La ___ está en su sitio. (nivel 3);mesa|corre|bonita|rápidamente;mesa;Elige una palabra que nombre algo.;1
Q000054;3EP;Lengua;gramatica;sustantivos;3;completar;Completa con un sustantivo: La ___ está en su sitio. (nivel 3);niña|corre|bonita|rápidamente;niña;Elige una palabra que nombre algo.;1
Q000055;3EP;Lengua;gramatica;sustantivos;3;completar;Completa con un sustantivo: La ___ está en su sitio. (nivel 3);colegio|corre|bonita|rápidamente;colegio;Elige una palabra que nombre algo.;1
Q000056;3EP;Lengua;gramatica;sustantivos;3;completar;Completa con un sustantivo: La ___ está en su sitio. (nivel 3);libro|corre|bonita|rápidamente;libro;Elige una palabra que nombre algo.;1
Q000057;3EP;Lengua;gramatica;sustantivos;3;completar;Completa con un sustantivo: La ___ está en su sitio. (nivel 3);parque|corre|bonita|rápidamente;parque;Elige una palabra que nombre algo.;1
Q000058;3EP;Lengua;gramatica;sustantivos;3;completar;Completa con un sustantivo: La ___ está en su sitio. (nivel 3);flor|corre|bonita|rápidamente;flor;Elige una palabra que nombre algo.;1
Q000059;3EP;Lengua;gramatica;sustantivos;3;completar;Completa con un sustantivo: La ___ está en su sitio. (nivel 3);coche|corre|bonita|rápidamente;coche;Elige una palabra que nombre algo.;1
Q000060;3EP;Lengua;gramatica;sustantivos;3;completar;Completa con un sustantivo: La ___ está en su sitio. (nivel 3);mar|corre|bonita|rápidamente;mar;Elige una palabra que nombre algo.;1
Q000061;3EP;Lengua;ortografia;b_v;1;test;Completa correctamente: _arco;barco|varco;barco;Fíjate en la ortografía de la palabra.;1
Q000062;3EP;Lengua;ortografia;b_v;1;test;Completa correctamente: _entana;ventana|bentana;ventana;Fíjate en la ortografía de la palabra.;1
Q000063;3EP;Lengua;ortografia;b_v;1;test;Completa correctamente: _iblioteca;biblioteca|viblioteca;biblioteca;Fíjate en la ortografía de la palabra.;1
Q000064;3EP;Lengua;ortografia;b_v;1;test;Completa correctamente: _erano;verano|berano;verano;Fíjate en la ortografía de la palabra.;1
Q000065;3EP;Lengua;ortografia;b_v;1;test;Completa correctamente: _urro;burro|vurro;burro;Fíjate en la ortografía de la palabra.;1
Q000066;3EP;Lengua;ortografia;b_v;1;test;Completa correctamente: _iaje;viaje|biaje;viaje;Fíjate en la ortografía de la palabra.;1
Q000067;3EP;Lengua;ortografia;b_v;1;test;Completa correctamente: _otella;botella|votella;botella;Fíjate en la ortografía de la palabra.;1
Q000068;3EP;Lengua;ortografia;b_v;1;test;Completa correctamente: _ecino;vecino|becino;vecino;Fíjate en la ortografía de la palabra.;1
Q000069;3EP;Lengua;ortografia;b_v;1;test;Completa correctamente: _uscar;buscar|vuscar;buscar;Fíjate en la ortografía de la palabra.;1
Q000070;3EP;Lengua;ortografia;b_v;1;test;Completa correctamente: _ivir;vivir|bivir;vivir;Fíjate en la ortografía de la palabra.;1
Q000071;3EP;Lengua;ortografia;b_v;1;escribir;Escribe la palabra correctamente: _arco;;barco;Completa con b o v.;1
Q000072;3EP;Lengua;ortografia;b_v;1;escribir;Escribe la palabra correctamente: _entana;;ventana;Completa con b o v.;1
Q000073;3EP;Lengua;ortografia;b_v;1;escribir;Escribe la palabra correctamente: _iblioteca;;biblioteca;Completa con b o v.;1
Q000074;3EP;Lengua;ortografia;b_v;1;escribir;Escribe la palabra correctamente: _erano;;verano;Completa con b o v.;1
Q000075;3EP;Lengua;ortografia;b_v;1;escribir;Escribe la palabra correctamente: _urro;;burro;Completa con b o v.;1
Q000076;3EP;Lengua;ortografia;b_v;1;escribir;Escribe la palabra correctamente: _iaje;;viaje;Completa con b o v.;1
Q000077;3EP;Lengua;ortografia;b_v;1;escribir;Escribe la palabra correctamente: _otella;;botella;Completa con b o v.;1
Q000078;3EP;Lengua;ortografia;b_v;1;escribir;Escribe la palabra correctamente: _ecino;;vecino;Completa con b o v.;1
Q000079;3EP;Lengua;ortografia;b_v;1;escribir;Escribe la palabra correctamente: _uscar;;buscar;Completa con b o v.;1
Q000080;3EP;Lengua;ortografia;b_v;1;escribir;Escribe la palabra correctamente: _ivir;;vivir;Completa con b o v.;1
Q000081;3EP;Lengua;ortografia;b_v;2;test;Completa correctamente: _arco;barco|varco;barco;Fíjate en la ortografía de la palabra.;1
Q000082;3EP;Lengua;ortografia;b_v;2;test;Completa correctamente: _entana;ventana|bentana;ventana;Fíjate en la ortografía de la palabra.;1
Q000083;3EP;Lengua;ortografia;b_v;2;test;Completa correctamente: _iblioteca;biblioteca|viblioteca;biblioteca;Fíjate en la ortografía de la palabra.;1
Q000084;3EP;Lengua;ortografia;b_v;2;test;Completa correctamente: _erano;verano|berano;verano;Fíjate en la ortografía de la palabra.;1
Q000085;3EP;Lengua;ortografia;b_v;2;test;Completa correctamente: _urro;burro|vurro;burro;Fíjate en la ortografía de la palabra.;1
Q000086;3EP;Lengua;ortografia;b_v;2;test;Completa correctamente: _iaje;viaje|biaje;viaje;Fíjate en la ortografía de la palabra.;1
Q000087;3EP;Lengua;ortografia;b_v;2;test;Completa correctamente: _otella;botella|votella;botella;Fíjate en la ortografía de la palabra.;1
Q000088;3EP;Lengua;ortografia;b_v;2;test;Completa correctamente: _ecino;vecino|becino;vecino;Fíjate en la ortografía de la palabra.;1
Q000089;3EP;Lengua;ortografia;b_v;2;test;Completa correctamente: _uscar;buscar|vuscar;buscar;Fíjate en la ortografía de la palabra.;1
Q000090;3EP;Lengua;ortografia;b_v;2;test;Completa correctamente: _ivir;vivir|bivir;vivir;Fíjate en la ortografía de la palabra.;1
Q000091;3EP;Lengua;ortografia;b_v;2;escribir;Escribe la palabra correctamente: _arco;;barco;Completa con b o v.;1
Q000092;3EP;Lengua;ortografia;b_v;2;escribir;Escribe la palabra correctamente: _entana;;ventana;Completa con b o v.;1
Q000093;3EP;Lengua;ortografia;b_v;2;escribir;Escribe la palabra correctamente: _iblioteca;;biblioteca;Completa con b o v.;1
Q000094;3EP;Lengua;ortografia;b_v;2;escribir;Escribe la palabra correctamente: _erano;;verano;Completa con b o v.;1
Q000095;3EP;Lengua;ortografia;b_v;2;escribir;Escribe la palabra correctamente: _urro;;burro;Completa con b o v.;1
Q000096;3EP;Lengua;ortografia;b_v;2;escribir;Escribe la palabra correctamente: _iaje;;viaje;Completa con b o v.;1
Q000097;3EP;Lengua;ortografia;b_v;2;escribir;Escribe la palabra correctamente: _otella;;botella;Completa con b o v.;1
Q000098;3EP;Lengua;ortografia;b_v;2;escribir;Escribe la palabra correctamente: _ecino;;vecino;Completa con b o v.;1
Q000099;3EP;Lengua;ortografia;b_v;2;escribir;Escribe la palabra correctamente: _uscar;;buscar;Completa con b o v.;1
Q000100;3EP;Lengua;ortografia;b_v;2;escribir;Escribe la palabra correctamente: _ivir;;vivir;Completa con b o v.;1
Q000101;3EP;Lengua;ortografia;b_v;3;test;Completa correctamente: _arco;barco|varco;barco;Fíjate en la ortografía de la palabra.;1
Q000102;3EP;Lengua;ortografia;b_v;3;test;Completa correctamente: _entana;ventana|bentana;ventana;Fíjate en la ortografía de la palabra.;1
Q000103;3EP;Lengua;ortografia;b_v;3;test;Completa correctamente: _iblioteca;biblioteca|viblioteca;biblioteca;Fíjate en la ortografía de la palabra.;1
Q000104;3EP;Lengua;ortografia;b_v;3;test;Completa correctamente: _erano;verano|berano;verano;Fíjate en la ortografía de la palabra.;1
Q000105;3EP;Lengua;ortografia;b_v;3;test;Completa correctamente: _urro;burro|vurro;burro;Fíjate en la ortografía de la palabra.;1
Q000106;3EP;Lengua;ortografia;b_v;3;test;Completa correctamente: _iaje;viaje|biaje;viaje;Fíjate en la ortografía de la palabra.;1
Q000107;3EP;Lengua;ortografia;b_v;3;test;Completa correctamente: _otella;botella|votella;botella;Fíjate en la ortografía de la palabra.;1
Q000108;3EP;Lengua;ortografia;b_v;3;test;Completa correctamente: _ecino;vecino|becino;vecino;Fíjate en la ortografía de la palabra.;1
Q000109;3EP;Lengua;ortografia;b_v;3;test;Completa correctamente: _uscar;buscar|vuscar;buscar;Fíjate en la ortografía de la palabra.;1
Q000110;3EP;Lengua;ortografia;b_v;3;test;Completa correctamente: _ivir;vivir|bivir;vivir;Fíjate en la ortografía de la palabra.;1
Q000111;3EP;Lengua;ortografia;b_v;3;escribir;Escribe la palabra correctamente: _arco;;barco;Completa con b o v.;1
Q000112;3EP;Lengua;ortografia;b_v;3;escribir;Escribe la palabra correctamente: _entana;;ventana;Completa con b o v.;1
Q000113;3EP;Lengua;ortografia;b_v;3;escribir;Escribe la palabra correctamente: _iblioteca;;biblioteca;Completa con b o v.;1
Q000114;3EP;Lengua;ortografia;b_v;3;escribir;Escribe la palabra correctamente: _erano;;verano;Completa con b o v.;1
Q000115;3EP;Lengua;ortografia;b_v;3;escribir;Escribe la palabra correctamente: _urro;;burro;Completa con b o v.;1
Q000116;3EP;Lengua;ortografia;b_v;3;escribir;Escribe la palabra correctamente: _iaje;;viaje;Completa con b o v.;1
Q000117;3EP;Lengua;ortografia;b_v;3;escribir;Escribe la palabra correctamente: _otella;;botella;Completa con b o v.;1
Q000118;3EP;Lengua;ortografia;b_v;3;escribir;Escribe la palabra correctamente: _ecino;;vecino;Completa con b o v.;1
Q000119;3EP;Lengua;ortografia;b_v;3;escribir;Escribe la palabra correctamente: _uscar;;buscar;Completa con b o v.;1
Q000120;3EP;Lengua;ortografia;b_v;3;escribir;Escribe la palabra correctamente: _ivir;;vivir;Completa con b o v.;1
Q000121;3EP;Matematicas;calculo;sumas;1;test;Calcula 11 + 3;14|15|13|24;14;Haz la operación paso a paso.;1
Q000122;3EP;Matematicas;calculo;sumas;1;test;Calcula 12 + 4;16|17|15|26;16;Haz la operación paso a paso.;1
Q000123;3EP;Matematicas;calculo;sumas;1;test;Calcula 13 + 5;18|19|17|28;18;Haz la operación paso a paso.;1
Q000124;3EP;Matematicas;calculo;sumas;1;test;Calcula 14 + 6;20|21|19|30;20;Haz la operación paso a paso.;1
Q000125;3EP;Matematicas;calculo;sumas;1;test;Calcula 15 + 7;22|23|21|32;22;Haz la operación paso a paso.;1
Q000126;3EP;Matematicas;calculo;sumas;1;test;Calcula 16 + 8;24|25|23|34;24;Haz la operación paso a paso.;1
Q000127;3EP;Matematicas;calculo;sumas;1;test;Calcula 17 + 9;26|27|25|36;26;Haz la operación paso a paso.;1
Q000128;3EP;Matematicas;calculo;sumas;1;test;Calcula 18 + 10;28|29|27|38;28;Haz la operación paso a paso.;1
Q000129;3EP;Matematicas;calculo;sumas;1;test;Calcula 19 + 11;30|31|29|40;30;Haz la operación paso a paso.;1
Q000130;3EP;Matematicas;calculo;sumas;1;test;Calcula 20 + 12;32|33|31|42;32;Haz la operación paso a paso.;1
Q000131;3EP;Matematicas;calculo;sumas;1;escribir;Calcula 11 + 3;;14;Haz la operación paso a paso.;1
Q000132;3EP;Matematicas;calculo;sumas;1;escribir;Calcula 12 + 4;;16;Haz la operación paso a paso.;1
Q000133;3EP;Matematicas;calculo;sumas;1;escribir;Calcula 13 + 5;;18;Haz la operación paso a paso.;1
Q000134;3EP;Matematicas;calculo;sumas;1;escribir;Calcula 14 + 6;;20;Haz la operación paso a paso.;1
Q000135;3EP;Matematicas;calculo;sumas;1;escribir;Calcula 15 + 7;;22;Haz la operación paso a paso.;1
Q000136;3EP;Matematicas;calculo;sumas;1;escribir;Calcula 16 + 8;;24;Haz la operación paso a paso.;1
Q000137;3EP;Matematicas;calculo;sumas;1;escribir;Calcula 17 + 9;;26;Haz la operación paso a paso.;1
Q000138;3EP;Matematicas;calculo;sumas;1;escribir;Calcula 18 + 10;;28;Haz la operación paso a paso.;1
Q000139;3EP;Matematicas;calculo;sumas;1;escribir;Calcula 19 + 11;;30;Haz la operación paso a paso.;1
Q000140;3EP;Matematicas;calculo;sumas;1;escribir;Calcula 20 + 12;;32;Haz la operación paso a paso.;1
Q000141;3EP;Matematicas;calculo;sumas;2;test;Calcula 32 + 13;45|46|44|55;45;Haz la operación paso a paso.;1
Q000142;3EP;Matematicas;calculo;sumas;2;test;Calcula 34 + 14;48|49|47|58;48;Haz la operación paso a paso.;1
Q000143;3EP;Matematicas;calculo;sumas;2;test;Calcula 36 + 15;51|52|50|61;51;Haz la operación paso a paso.;1
Q000144;3EP;Matematicas;calculo;sumas;2;test;Calcula 38 + 16;54|55|53|64;54;Haz la operación paso a paso.;1
Q000145;3EP;Matematicas;calculo;sumas;2;test;Calcula 40 + 17;57|58|56|67;57;Haz la operación paso a paso.;1
Q000146;3EP;Matematicas;calculo;sumas;2;test;Calcula 42 + 18;60|61|59|70;60;Haz la operación paso a paso.;1
Q000147;3EP;Matematicas;calculo;sumas;2;test;Calcula 44 + 19;63|64|62|73;63;Haz la operación paso a paso.;1
Q000148;3EP;Matematicas;calculo;sumas;2;test;Calcula 46 + 20;66|67|65|76;66;Haz la operación paso a paso.;1
Q000149;3EP;Matematicas;calculo;sumas;2;test;Calcula 48 + 21;69|70|68|79;69;Haz la operación paso a paso.;1
Q000150;3EP;Matematicas;calculo;sumas;2;test;Calcula 50 + 22;72|73|71|82;72;Haz la operación paso a paso.;1
Q000151;3EP;Matematicas;calculo;sumas;2;escribir;Calcula 32 + 13;;45;Haz la operación paso a paso.;1
Q000152;3EP;Matematicas;calculo;sumas;2;escribir;Calcula 34 + 14;;48;Haz la operación paso a paso.;1
Q000153;3EP;Matematicas;calculo;sumas;2;escribir;Calcula 36 + 15;;51;Haz la operación paso a paso.;1
Q000154;3EP;Matematicas;calculo;sumas;2;escribir;Calcula 38 + 16;;54;Haz la operación paso a paso.;1
Q000155;3EP;Matematicas;calculo;sumas;2;escribir;Calcula 40 + 17;;57;Haz la operación paso a paso.;1
Q000156;3EP;Matematicas;calculo;sumas;2;escribir;Calcula 42 + 18;;60;Haz la operación paso a paso.;1
Q000157;3EP;Matematicas;calculo;sumas;2;escribir;Calcula 44 + 19;;63;Haz la operación paso a paso.;1
Q000158;3EP;Matematicas;calculo;sumas;2;escribir;Calcula 46 + 20;;66;Haz la operación paso a paso.;1
Q000159;3EP;Matematicas;calculo;sumas;2;escribir;Calcula 48 + 21;;69;Haz la operación paso a paso.;1
Q000160;3EP;Matematicas;calculo;sumas;2;escribir;Calcula 50 + 22;;72;Haz la operación paso a paso.;1
Q000161;3EP;Matematicas;calculo;sumas;3;test;Calcula 107 + 28;135|136|134|145;135;Haz la operación paso a paso.;1
Q000162;3EP;Matematicas;calculo;sumas;3;test;Calcula 114 + 31;145|146|144|155;145;Haz la operación paso a paso.;1
Q000163;3EP;Matematicas;calculo;sumas;3;test;Calcula 121 + 34;155|156|154|165;155;Haz la operación paso a paso.;1
Q000164;3EP;Matematicas;calculo;sumas;3;test;Calcula 128 + 37;165|166|164|175;165;Haz la operación paso a paso.;1
Q000165;3EP;Matematicas;calculo;sumas;3;test;Calcula 135 + 40;175|176|174|185;175;Haz la operación paso a paso.;1
Q000166;3EP;Matematicas;calculo;sumas;3;test;Calcula 142 + 43;185|186|184|195;185;Haz la operación paso a paso.;1
Q000167;3EP;Matematicas;calculo;sumas;3;test;Calcula 149 + 46;195|196|194|205;195;Haz la operación paso a paso.;1
Q000168;3EP;Matematicas;calculo;sumas;3;test;Calcula 156 + 49;205|206|204|215;205;Haz la operación paso a paso.;1
Q000169;3EP;Matematicas;calculo;sumas;3;test;Calcula 163 + 52;215|216|214|225;215;Haz la operación paso a paso.;1
Q000170;3EP;Matematicas;calculo;sumas;3;test;Calcula 170 + 55;225|226|224|235;225;Haz la operación paso a paso.;1
Q000171;3EP;Matematicas;calculo;sumas;3;escribir;Calcula 107 + 28;;135;Haz la operación paso a paso.;1
Q000172;3EP;Matematicas;calculo;sumas;3;escribir;Calcula 114 + 31;;145;Haz la operación paso a paso.;1
Q000173;3EP;Matematicas;calculo;sumas;3;escribir;Calcula 121 + 34;;155;Haz la operación paso a paso.;1
Q000174;3EP;Matematicas;calculo;sumas;3;escribir;Calcula 128 + 37;;165;Haz la operación paso a paso.;1
Q000175;3EP;Matematicas;calculo;sumas;3;escribir;Calcula 135 + 40;;175;Haz la operación paso a paso.;1
Q000176;3EP;Matematicas;calculo;sumas;3;escribir;Calcula 142 + 43;;185;Haz la operación paso a paso.;1
Q000177;3EP;Matematicas;calculo;sumas;3;escribir;Calcula 149 + 46;;195;Haz la operación paso a paso.;1
Q000178;3EP;Matematicas;calculo;sumas;3;escribir;Calcula 156 + 49;;205;Haz la operación paso a paso.;1
Q000179;3EP;Matematicas;calculo;sumas;3;escribir;Calcula 163 + 52;;215;Haz la operación paso a paso.;1
Q000180;3EP;Matematicas;calculo;sumas;3;escribir;Calcula 170 + 55;;225;Haz la operación paso a paso.;1
Q000181;3EP;Matematicas;calculo;restas;1;test;Calcula 11 - 3;8|9|7|18;8;Haz la operación paso a paso.;1
Q000182;3EP;Matematicas;calculo;restas;1;test;Calcula 12 - 4;8|9|7|18;8;Haz la operación paso a paso.;1
Q000183;3EP;Matematicas;calculo;restas;1;test;Calcula 13 - 5;8|9|7|18;8;Haz la operación paso a paso.;1
Q000184;3EP;Matematicas;calculo;restas;1;test;Calcula 14 - 6;8|9|7|18;8;Haz la operación paso a paso.;1
Q000185;3EP;Matematicas;calculo;restas;1;test;Calcula 15 - 7;8|9|7|18;8;Haz la operación paso a paso.;1
Q000186;3EP;Matematicas;calculo;restas;1;test;Calcula 16 - 8;8|9|7|18;8;Haz la operación paso a paso.;1
Q000187;3EP;Matematicas;calculo;restas;1;test;Calcula 17 - 9;8|9|7|18;8;Haz la operación paso a paso.;1
Q000188;3EP;Matematicas;calculo;restas;1;test;Calcula 18 - 10;8|9|7|18;8;Haz la operación paso a paso.;1
Q000189;3EP;Matematicas;calculo;restas;1;test;Calcula 19 - 11;8|9|7|18;8;Haz la operación paso a paso.;1
Q000190;3EP;Matematicas;calculo;restas;1;test;Calcula 20 - 12;8|9|7|18;8;Haz la operación paso a paso.;1
Q000191;3EP;Matematicas;calculo;restas;1;escribir;Calcula 11 - 3;;8;Haz la operación paso a paso.;1
Q000192;3EP;Matematicas;calculo;restas;1;escribir;Calcula 12 - 4;;8;Haz la operación paso a paso.;1
Q000193;3EP;Matematicas;calculo;restas;1;escribir;Calcula 13 - 5;;8;Haz la operación paso a paso.;1
Q000194;3EP;Matematicas;calculo;restas;1;escribir;Calcula 14 - 6;;8;Haz la operación paso a paso.;1
Q000195;3EP;Matematicas;calculo;restas;1;escribir;Calcula 15 - 7;;8;Haz la operación paso a paso.;1
Q000196;3EP;Matematicas;calculo;restas;1;escribir;Calcula 16 - 8;;8;Haz la operación paso a paso.;1
Q000197;3EP;Matematicas;calculo;restas;1;escribir;Calcula 17 - 9;;8;Haz la operación paso a paso.;1
Q000198;3EP;Matematicas;calculo;restas;1;escribir;Calcula 18 - 10;;8;Haz la operación paso a paso.;1
Q000199;3EP;Matematicas;calculo;restas;1;escribir;Calcula 19 - 11;;8;Haz la operación paso a paso.;1
Q000200;3EP;Matematicas;calculo;restas;1;escribir;Calcula 20 - 12;;8;Haz la operación paso a paso.;1
Q000201;3EP;Matematicas;calculo;restas;2;test;Calcula 32 - 13;19|20|18|29;19;Haz la operación paso a paso.;1
Q000202;3EP;Matematicas;calculo;restas;2;test;Calcula 34 - 14;20|21|19|30;20;Haz la operación paso a paso.;1
Q000203;3EP;Matematicas;calculo;restas;2;test;Calcula 36 - 15;21|22|20|31;21;Haz la operación paso a paso.;1
Q000204;3EP;Matematicas;calculo;restas;2;test;Calcula 38 - 16;22|23|21|32;22;Haz la operación paso a paso.;1
Q000205;3EP;Matematicas;calculo;restas;2;test;Calcula 40 - 17;23|24|22|33;23;Haz la operación paso a paso.;1
Q000206;3EP;Matematicas;calculo;restas;2;test;Calcula 42 - 18;24|25|23|34;24;Haz la operación paso a paso.;1
Q000207;3EP;Matematicas;calculo;restas;2;test;Calcula 44 - 19;25|26|24|35;25;Haz la operación paso a paso.;1
Q000208;3EP;Matematicas;calculo;restas;2;test;Calcula 46 - 20;26|27|25|36;26;Haz la operación paso a paso.;1
Q000209;3EP;Matematicas;calculo;restas;2;test;Calcula 48 - 21;27|28|26|37;27;Haz la operación paso a paso.;1
Q000210;3EP;Matematicas;calculo;restas;2;test;Calcula 50 - 22;28|29|27|38;28;Haz la operación paso a paso.;1
Q000211;3EP;Matematicas;calculo;restas;2;escribir;Calcula 32 - 13;;19;Haz la operación paso a paso.;1
Q000212;3EP;Matematicas;calculo;restas;2;escribir;Calcula 34 - 14;;20;Haz la operación paso a paso.;1
Q000213;3EP;Matematicas;calculo;restas;2;escribir;Calcula 36 - 15;;21;Haz la operación paso a paso.;1
Q000214;3EP;Matematicas;calculo;restas;2;escribir;Calcula 38 - 16;;22;Haz la operación paso a paso.;1
Q000215;3EP;Matematicas;calculo;restas;2;escribir;Calcula 40 - 17;;23;Haz la operación paso a paso.;1
Q000216;3EP;Matematicas;calculo;restas;2;escribir;Calcula 42 - 18;;24;Haz la operación paso a paso.;1
Q000217;3EP;Matematicas;calculo;restas;2;escribir;Calcula 44 - 19;;25;Haz la operación paso a paso.;1
Q000218;3EP;Matematicas;calculo;restas;2;escribir;Calcula 46 - 20;;26;Haz la operación paso a paso.;1
Q000219;3EP;Matematicas;calculo;restas;2;escribir;Calcula 48 - 21;;27;Haz la operación paso a paso.;1
Q000220;3EP;Matematicas;calculo;restas;2;escribir;Calcula 50 - 22;;28;Haz la operación paso a paso.;1
Q000221;3EP;Matematicas;calculo;restas;3;test;Calcula 107 - 28;79|80|78|89;79;Haz la operación paso a paso.;1
Q000222;3EP;Matematicas;calculo;restas;3;test;Calcula 114 - 31;83|84|82|93;83;Haz la operación paso a paso.;1
Q000223;3EP;Matematicas;calculo;restas;3;test;Calcula 121 - 34;87|88|86|97;87;Haz la operación paso a paso.;1
Q000224;3EP;Matematicas;calculo;restas;3;test;Calcula 128 - 37;91|92|90|101;91;Haz la operación paso a paso.;1
Q000225;3EP;Matematicas;calculo;restas;3;test;Calcula 135 - 40;95|96|94|105;95;Haz la operación paso a paso.;1
Q000226;3EP;Matematicas;calculo;restas;3;test;Calcula 142 - 43;99|100|98|109;99;Haz la operación paso a paso.;1
Q000227;3EP;Matematicas;calculo;restas;3;test;Calcula 149 - 46;103|104|102|113;103;Haz la operación paso a paso.;1
Q000228;3EP;Matematicas;calculo;restas;3;test;Calcula 156 - 49;107|108|106|117;107;Haz la operación paso a paso.;1
Q000229;3EP;Matematicas;calculo;restas;3;test;Calcula 163 - 52;111|112|110|121;111;Haz la operación paso a paso.;1
Q000230;3EP;Matematicas;calculo;restas;3;test;Calcula 170 - 55;115|116|114|125;115;Haz la operación paso a paso.;1
Q000231;3EP;Matematicas;calculo;restas;3;escribir;Calcula 107 - 28;;79;Haz la operación paso a paso.;1
Q000232;3EP;Matematicas;calculo;restas;3;escribir;Calcula 114 - 31;;83;Haz la operación paso a paso.;1
Q000233;3EP;Matematicas;calculo;restas;3;escribir;Calcula 121 - 34;;87;Haz la operación paso a paso.;1
Q000234;3EP;Matematicas;calculo;restas;3;escribir;Calcula 128 - 37;;91;Haz la operación paso a paso.;1
Q000235;3EP;Matematicas;calculo;restas;3;escribir;Calcula 135 - 40;;95;Haz la operación paso a paso.;1
Q000236;3EP;Matematicas;calculo;restas;3;escribir;Calcula 142 - 43;;99;Haz la operación paso a paso.;1
Q000237;3EP;Matematicas;calculo;restas;3;escribir;Calcula 149 - 46;;103;Haz la operación paso a paso.;1
Q000238;3EP;Matematicas;calculo;restas;3;escribir;Calcula 156 - 49;;107;Haz la operación paso a paso.;1
Q000239;3EP;Matematicas;calculo;restas;3;escribir;Calcula 163 - 52;;111;Haz la operación paso a paso.;1
Q000240;3EP;Matematicas;calculo;restas;3;escribir;Calcula 170 - 55;;115;Haz la operación paso a paso.;1
Q000241;3EP;Ingles;vocabulary;school_objects;1;test;What is 'lápiz' in English? (level 1);pencil|window|door|teacher;pencil;Think of classroom vocabulary.;1
Q000242;3EP;Ingles;vocabulary;school_objects;1;test;What is 'libro' in English? (level 1);book|window|door|teacher;book;Think of classroom vocabulary.;1
Q000243;3EP;Ingles;vocabulary;school_objects;1;test;What is 'silla' in English? (level 1);chair|window|door|teacher;chair;Think of classroom vocabulary.;1
Q000244;3EP;Ingles;vocabulary;school_objects;1;test;What is 'pupitre' in English? (level 1);desk|window|door|teacher;desk;Think of classroom vocabulary.;1
Q000245;3EP;Ingles;vocabulary;school_objects;1;test;What is 'regla' in English? (level 1);ruler|window|door|teacher;ruler;Think of classroom vocabulary.;1
Q000246;3EP;Ingles;vocabulary;school_objects;1;test;What is 'goma' in English? (level 1);eraser|window|door|teacher;eraser;Think of classroom vocabulary.;1
Q000247;3EP;Ingles;vocabulary;school_objects;1;test;What is 'mochila' in English? (level 1);bag|window|door|teacher;bag;Think of classroom vocabulary.;1
Q000248;3EP;Ingles;vocabulary;school_objects;1;test;What is 'bolígrafo' in English? (level 1);pen|window|door|teacher;pen;Think of classroom vocabulary.;1
Q000249;3EP;Ingles;vocabulary;school_objects;1;test;What is 'cuaderno' in English? (level 1);notebook|window|door|teacher;notebook;Think of classroom vocabulary.;1
Q000250;3EP;Ingles;vocabulary;school_objects;1;test;What is 'tijeras' in English? (level 1);scissors|window|door|teacher;scissors;Think of classroom vocabulary.;1
Q000251;3EP;Ingles;vocabulary;school_objects;1;arrastrar;Match the school objects. (level 1);lápiz|libro|silla;pencil|book|chair;Match Spanish and English.;1
Q000252;3EP;Ingles;vocabulary;school_objects;1;arrastrar;Match the school objects. (level 1);libro|silla|pupitre;book|chair|desk;Match Spanish and English.;1
Q000253;3EP;Ingles;vocabulary;school_objects;1;arrastrar;Match the school objects. (level 1);silla|pupitre|regla;chair|desk|ruler;Match Spanish and English.;1
Q000254;3EP;Ingles;vocabulary;school_objects;1;arrastrar;Match the school objects. (level 1);pupitre|regla|goma;desk|ruler|eraser;Match Spanish and English.;1
Q000255;3EP;Ingles;vocabulary;school_objects;1;arrastrar;Match the school objects. (level 1);regla|goma|mochila;ruler|eraser|bag;Match Spanish and English.;1
Q000256;3EP;Ingles;vocabulary;school_objects;1;arrastrar;Match the school objects. (level 1);goma|mochila|bolígrafo;eraser|bag|pen;Match Spanish and English.;1
Q000257;3EP;Ingles;vocabulary;school_objects;1;arrastrar;Match the school objects. (level 1);mochila|bolígrafo|cuaderno;bag|pen|notebook;Match Spanish and English.;1
Q000258;3EP;Ingles;vocabulary;school_objects;1;arrastrar;Match the school objects. (level 1);bolígrafo|cuaderno|tijeras;pen|notebook|scissors;Match Spanish and English.;1
Q000259;3EP;Ingles;vocabulary;school_objects;1;arrastrar;Match the school objects. (level 1);cuaderno|tijeras|lápiz;notebook|scissors|pencil;Match Spanish and English.;1
Q000260;3EP;Ingles;vocabulary;school_objects;1;arrastrar;Match the school objects. (level 1);tijeras|lápiz|libro;scissors|pencil|book;Match Spanish and English.;1
Q000261;3EP;Ingles;vocabulary;school_objects;2;test;What is 'lápiz' in English? (level 2);pencil|window|door|teacher;pencil;Think of classroom vocabulary.;1
Q000262;3EP;Ingles;vocabulary;school_objects;2;test;What is 'libro' in English? (level 2);book|window|door|teacher;book;Think of classroom vocabulary.;1
Q000263;3EP;Ingles;vocabulary;school_objects;2;test;What is 'silla' in English? (level 2);chair|window|door|teacher;chair;Think of classroom vocabulary.;1
Q000264;3EP;Ingles;vocabulary;school_objects;2;test;What is 'pupitre' in English? (level 2);desk|window|door|teacher;desk;Think of classroom vocabulary.;1
Q000265;3EP;Ingles;vocabulary;school_objects;2;test;What is 'regla' in English? (level 2);ruler|window|door|teacher;ruler;Think of classroom vocabulary.;1
Q000266;3EP;Ingles;vocabulary;school_objects;2;test;What is 'goma' in English? (level 2);eraser|window|door|teacher;eraser;Think of classroom vocabulary.;1
Q000267;3EP;Ingles;vocabulary;school_objects;2;test;What is 'mochila' in English? (level 2);bag|window|door|teacher;bag;Think of classroom vocabulary.;1
Q000268;3EP;Ingles;vocabulary;school_objects;2;test;What is 'bolígrafo' in English? (level 2);pen|window|door|teacher;pen;Think of classroom vocabulary.;1
Q000269;3EP;Ingles;vocabulary;school_objects;2;test;What is 'cuaderno' in English? (level 2);notebook|window|door|teacher;notebook;Think of classroom vocabulary.;1
Q000270;3EP;Ingles;vocabulary;school_objects;2;test;What is 'tijeras' in English? (level 2);scissors|window|door|teacher;scissors;Think of classroom vocabulary.;1
Q000271;3EP;Ingles;vocabulary;school_objects;2;arrastrar;Match the school objects. (level 2);lápiz|libro|silla;pencil|book|chair;Match Spanish and English.;1
Q000272;3EP;Ingles;vocabulary;school_objects;2;arrastrar;Match the school objects. (level 2);libro|silla|pupitre;book|chair|desk;Match Spanish and English.;1
Q000273;3EP;Ingles;vocabulary;school_objects;2;arrastrar;Match the school objects. (level 2);silla|pupitre|regla;chair|desk|ruler;Match Spanish and English.;1
Q000274;3EP;Ingles;vocabulary;school_objects;2;arrastrar;Match the school objects. (level 2);pupitre|regla|goma;desk|ruler|eraser;Match Spanish and English.;1
Q000275;3EP;Ingles;vocabulary;school_objects;2;arrastrar;Match the school objects. (level 2);regla|goma|mochila;ruler|eraser|bag;Match Spanish and English.;1
Q000276;3EP;Ingles;vocabulary;school_objects;2;arrastrar;Match the school objects. (level 2);goma|mochila|bolígrafo;eraser|bag|pen;Match Spanish and English.;1
Q000277;3EP;Ingles;vocabulary;school_objects;2;arrastrar;Match the school objects. (level 2);mochila|bolígrafo|cuaderno;bag|pen|notebook;Match Spanish and English.;1
Q000278;3EP;Ingles;vocabulary;school_objects;2;arrastrar;Match the school objects. (level 2);bolígrafo|cuaderno|tijeras;pen|notebook|scissors;Match Spanish and English.;1
Q000279;3EP;Ingles;vocabulary;school_objects;2;arrastrar;Match the school objects. (level 2);cuaderno|tijeras|lápiz;notebook|scissors|pencil;Match Spanish and English.;1
Q000280;3EP;Ingles;vocabulary;school_objects;2;arrastrar;Match the school objects. (level 2);tijeras|lápiz|libro;scissors|pencil|book;Match Spanish and English.;1
Q000281;3EP;Ingles;vocabulary;school_objects;3;test;What is 'lápiz' in English? (level 3);pencil|window|door|teacher;pencil;Think of classroom vocabulary.;1
Q000282;3EP;Ingles;vocabulary;school_objects;3;test;What is 'libro' in English? (level 3);book|window|door|teacher;book;Think of classroom vocabulary.;1
Q000283;3EP;Ingles;vocabulary;school_objects;3;test;What is 'silla' in English? (level 3);chair|window|door|teacher;chair;Think of classroom vocabulary.;1
Q000284;3EP;Ingles;vocabulary;school_objects;3;test;What is 'pupitre' in English? (level 3);desk|window|door|teacher;desk;Think of classroom vocabulary.;1
Q000285;3EP;Ingles;vocabulary;school_objects;3;test;What is 'regla' in English? (level 3);ruler|window|door|teacher;ruler;Think of classroom vocabulary.;1
Q000286;3EP;Ingles;vocabulary;school_objects;3;test;What is 'goma' in English? (level 3);eraser|window|door|teacher;eraser;Think of classroom vocabulary.;1
Q000287;3EP;Ingles;vocabulary;school_objects;3;test;What is 'mochila' in English? (level 3);bag|window|door|teacher;bag;Think of classroom vocabulary.;1
Q000288;3EP;Ingles;vocabulary;school_objects;3;test;What is 'bolígrafo' in English? (level 3);pen|window|door|teacher;pen;Think of classroom vocabulary.;1
Q000289;3EP;Ingles;vocabulary;school_objects;3;test;What is 'cuaderno' in English? (level 3);notebook|window|door|teacher;notebook;Think of classroom vocabulary.;1
Q000290;3EP;Ingles;vocabulary;school_objects;3;test;What is 'tijeras' in English? (level 3);scissors|window|door|teacher;scissors;Think of classroom vocabulary.;1
Q000291;3EP;Ingles;vocabulary;school_objects;3;arrastrar;Match the school objects. (level 3);lápiz|libro|silla;pencil|book|chair;Match Spanish and English.;1
Q000292;3EP;Ingles;vocabulary;school_objects;3;arrastrar;Match the school objects. (level 3);libro|silla|pupitre;book|chair|desk;Match Spanish and English.;1
Q000293;3EP;Ingles;vocabulary;school_objects;3;arrastrar;Match the school objects. (level 3);silla|pupitre|regla;chair|desk|ruler;Match Spanish and English.;1
Q000294;3EP;Ingles;vocabulary;school_objects;3;arrastrar;Match the school objects. (level 3);pupitre|regla|goma;desk|ruler|eraser;Match Spanish and English.;1
Q000295;3EP;Ingles;vocabulary;school_objects;3;arrastrar;Match the school objects. (level 3);regla|goma|mochila;ruler|eraser|bag;Match Spanish and English.;1
Q000296;3EP;Ingles;vocabulary;school_objects;3;arrastrar;Match the school objects. (level 3);goma|mochila|bolígrafo;eraser|bag|pen;Match Spanish and English.;1
Q000297;3EP;Ingles;vocabulary;school_objects;3;arrastrar;Match the school objects. (level 3);mochila|bolígrafo|cuaderno;bag|pen|notebook;Match Spanish and English.;1
Q000298;3EP;Ingles;vocabulary;school_objects;3;arrastrar;Match the school objects. (level 3);bolígrafo|cuaderno|tijeras;pen|notebook|scissors;Match Spanish and English.;1
Q000299;3EP;Ingles;vocabulary;school_objects;3;arrastrar;Match the school objects. (level 3);cuaderno|tijeras|lápiz;notebook|scissors|pencil;Match Spanish and English.;1
Q000300;3EP;Ingles;vocabulary;school_objects;3;arrastrar;Match the school objects. (level 3);tijeras|lápiz|libro;scissors|pencil|book;Match Spanish and English.;1
Q000301;3EP;Ingles;grammar;present_simple;1;completar;I ___ every day.;play|is|are;play;Choose the correct present simple form.;1
Q000302;3EP;Ingles;grammar;present_simple;1;completar;You ___ every day.;play|is|are;play;Choose the correct present simple form.;1
Q000303;3EP;Ingles;grammar;present_simple;1;completar;We ___ every day.;play|is|are;play;Choose the correct present simple form.;1
Q000304;3EP;Ingles;grammar;present_simple;1;completar;They ___ every day.;play|is|are;play;Choose the correct present simple form.;1
Q000305;3EP;Ingles;grammar;present_simple;1;completar;Tom ___ every day.;plays|play|is|are;plays;Choose the correct present simple form.;1
Q000306;3EP;Ingles;grammar;present_simple;1;completar;Sara ___ every day.;plays|play|is|are;plays;Choose the correct present simple form.;1
Q000307;3EP;Ingles;grammar;present_simple;1;completar;My dog ___ every day.;plays|play|is|are;plays;Choose the correct present simple form.;1
Q000308;3EP;Ingles;grammar;present_simple;1;completar;The teacher ___ every day.;plays|play|is|are;plays;Choose the correct present simple form.;1
Q000309;3EP;Ingles;grammar;present_simple;1;completar;Mum ___ every day.;plays|play|is|are;plays;Choose the correct present simple form.;1
Q000310;3EP;Ingles;grammar;present_simple;1;completar;Dad ___ every day.;plays|play|is|are;plays;Choose the correct present simple form.;1
Q000311;3EP;Ingles;grammar;present_simple;1;ordenar;Order the words to make a sentence. (level 1);play|every|day|I;I|play|every|day;Start with the subject.;1
Q000312;3EP;Ingles;grammar;present_simple;1;ordenar;Order the words to make a sentence. (level 1);play|every|day|You;You|play|every|day;Start with the subject.;1
Q000313;3EP;Ingles;grammar;present_simple;1;ordenar;Order the words to make a sentence. (level 1);play|every|day|We;We|play|every|day;Start with the subject.;1
Q000314;3EP;Ingles;grammar;present_simple;1;ordenar;Order the words to make a sentence. (level 1);play|every|day|They;They|play|every|day;Start with the subject.;1
Q000315;3EP;Ingles;grammar;present_simple;1;ordenar;Order the words to make a sentence. (level 1);plays|every|day|Tom;Tom|plays|every|day;Start with the subject.;1
Q000316;3EP;Ingles;grammar;present_simple;1;ordenar;Order the words to make a sentence. (level 1);plays|every|day|Sara;Sara|plays|every|day;Start with the subject.;1
Q000317;3EP;Ingles;grammar;present_simple;1;ordenar;Order the words to make a sentence. (level 1);dog|plays|every|day|My;My|dog|plays|every|day;Start with the subject.;1
Q000318;3EP;Ingles;grammar;present_simple;1;ordenar;Order the words to make a sentence. (level 1);teacher|plays|every|day|The;The|teacher|plays|every|day;Start with the subject.;1
Q000319;3EP;Ingles;grammar;present_simple;1;ordenar;Order the words to make a sentence. (level 1);plays|every|day|Mum;Mum|plays|every|day;Start with the subject.;1
Q000320;3EP;Ingles;grammar;present_simple;1;ordenar;Order the words to make a sentence. (level 1);plays|every|day|Dad;Dad|plays|every|day;Start with the subject.;1
Q000321;3EP;Ingles;grammar;present_simple;2;completar;I ___ every day.;read|is|are;read;Choose the correct present simple form.;1
Q000322;3EP;Ingles;grammar;present_simple;2;completar;You ___ every day.;read|is|are;read;Choose the correct present simple form.;1
Q000323;3EP;Ingles;grammar;present_simple;2;completar;We ___ every day.;read|is|are;read;Choose the correct present simple form.;1
Q000324;3EP;Ingles;grammar;present_simple;2;completar;They ___ every day.;read|is|are;read;Choose the correct present simple form.;1
Q000325;3EP;Ingles;grammar;present_simple;2;completar;Tom ___ every day.;reads|read|is|are;reads;Choose the correct present simple form.;1
Q000326;3EP;Ingles;grammar;present_simple;2;completar;Sara ___ every day.;reads|read|is|are;reads;Choose the correct present simple form.;1
Q000327;3EP;Ingles;grammar;present_simple;2;completar;My dog ___ every day.;reads|read|is|are;reads;Choose the correct present simple form.;1
Q000328;3EP;Ingles;grammar;present_simple;2;completar;The teacher ___ every day.;reads|read|is|are;reads;Choose the correct present simple form.;1
Q000329;3EP;Ingles;grammar;present_simple;2;completar;Mum ___ every day.;reads|read|is|are;reads;Choose the correct present simple form.;1
Q000330;3EP;Ingles;grammar;present_simple;2;completar;Dad ___ every day.;reads|read|is|are;reads;Choose the correct present simple form.;1
Q000331;3EP;Ingles;grammar;present_simple;2;ordenar;Order the words to make a sentence. (level 2);read|every|day|I;I|read|every|day;Start with the subject.;1
Q000332;3EP;Ingles;grammar;present_simple;2;ordenar;Order the words to make a sentence. (level 2);read|every|day|You;You|read|every|day;Start with the subject.;1
Q000333;3EP;Ingles;grammar;present_simple;2;ordenar;Order the words to make a sentence. (level 2);read|every|day|We;We|read|every|day;Start with the subject.;1
Q000334;3EP;Ingles;grammar;present_simple;2;ordenar;Order the words to make a sentence. (level 2);read|every|day|They;They|read|every|day;Start with the subject.;1
Q000335;3EP;Ingles;grammar;present_simple;2;ordenar;Order the words to make a sentence. (level 2);reads|every|day|Tom;Tom|reads|every|day;Start with the subject.;1
Q000336;3EP;Ingles;grammar;present_simple;2;ordenar;Order the words to make a sentence. (level 2);reads|every|day|Sara;Sara|reads|every|day;Start with the subject.;1
Q000337;3EP;Ingles;grammar;present_simple;2;ordenar;Order the words to make a sentence. (level 2);dog|reads|every|day|My;My|dog|reads|every|day;Start with the subject.;1
Q000338;3EP;Ingles;grammar;present_simple;2;ordenar;Order the words to make a sentence. (level 2);teacher|reads|every|day|The;The|teacher|reads|every|day;Start with the subject.;1
Q000339;3EP;Ingles;grammar;present_simple;2;ordenar;Order the words to make a sentence. (level 2);reads|every|day|Mum;Mum|reads|every|day;Start with the subject.;1
Q000340;3EP;Ingles;grammar;present_simple;2;ordenar;Order the words to make a sentence. (level 2);reads|every|day|Dad;Dad|reads|every|day;Start with the subject.;1
Q000341;3EP;Ingles;grammar;present_simple;3;completar;I ___ every day.;study|is|are;study;Choose the correct present simple form.;1
Q000342;3EP;Ingles;grammar;present_simple;3;completar;You ___ every day.;study|is|are;study;Choose the correct present simple form.;1
Q000343;3EP;Ingles;grammar;present_simple;3;completar;We ___ every day.;study|is|are;study;Choose the correct present simple form.;1
Q000344;3EP;Ingles;grammar;present_simple;3;completar;They ___ every day.;study|is|are;study;Choose the correct present simple form.;1
Q000345;3EP;Ingles;grammar;present_simple;3;completar;Tom ___ every day.;studies|study|is|are;studies;Choose the correct present simple form.;1
Q000346;3EP;Ingles;grammar;present_simple;3;completar;Sara ___ every day.;studies|study|is|are;studies;Choose the correct present simple form.;1
Q000347;3EP;Ingles;grammar;present_simple;3;completar;My dog ___ every day.;studies|study|is|are;studies;Choose the correct present simple form.;1
Q000348;3EP;Ingles;grammar;present_simple;3;completar;The teacher ___ every day.;studies|study|is|are;studies;Choose the correct present simple form.;1
Q000349;3EP;Ingles;grammar;present_simple;3;completar;Mum ___ every day.;studies|study|is|are;studies;Choose the correct present simple form.;1
Q000350;3EP;Ingles;grammar;present_simple;3;completar;Dad ___ every day.;studies|study|is|are;studies;Choose the correct present simple form.;1
Q000351;3EP;Ingles;grammar;present_simple;3;ordenar;Order the words to make a sentence. (level 3);study|every|day|I;I|study|every|day;Start with the subject.;1
Q000352;3EP;Ingles;grammar;present_simple;3;ordenar;Order the words to make a sentence. (level 3);study|every|day|You;You|study|every|day;Start with the subject.;1
Q000353;3EP;Ingles;grammar;present_simple;3;ordenar;Order the words to make a sentence. (level 3);study|every|day|We;We|study|every|day;Start with the subject.;1
Q000354;3EP;Ingles;grammar;present_simple;3;ordenar;Order the words to make a sentence. (level 3);study|every|day|They;They|study|every|day;Start with the subject.;1
Q000355;3EP;Ingles;grammar;present_simple;3;ordenar;Order the words to make a sentence. (level 3);studies|every|day|Tom;Tom|studies|every|day;Start with the subject.;1
Q000356;3EP;Ingles;grammar;present_simple;3;ordenar;Order the words to make a sentence. (level 3);studies|every|day|Sara;Sara|studies|every|day;Start with the subject.;1
Q000357;3EP;Ingles;grammar;present_simple;3;ordenar;Order the words to make a sentence. (level 3);dog|studies|every|day|My;My|dog|studies|every|day;Start with the subject.;1
Q000358;3EP;Ingles;grammar;present_simple;3;ordenar;Order the words to make a sentence. (level 3);teacher|studies|every|day|The;The|teacher|studies|every|day;Start with the subject.;1
Q000359;3EP;Ingles;grammar;present_simple;3;ordenar;Order the words to make a sentence. (level 3);studies|every|day|Mum;Mum|studies|every|day;Start with the subject.;1
Q000360;3EP;Ingles;grammar;present_simple;3;ordenar;Order the words to make a sentence. (level 3);studies|every|day|Dad;Dad|studies|every|day;Start with the subject.;1
Q000361;3EP;Socials;community;services;1;test;Which place is related to doctors? (level 1);hospital|cinema|stadium|farm;hospital;Think about community services.;1
Q000362;3EP;Socials;community;services;1;test;Which place is related to teachers? (level 1);school|cinema|stadium|farm;school;Think about community services.;1
Q000363;3EP;Socials;community;services;1;test;Which place is related to firefighters? (level 1);fire station|cinema|stadium|farm;fire station;Think about community services.;1
Q000364;3EP;Socials;community;services;1;test;Which place is related to police officers? (level 1);police station|cinema|stadium|farm;police station;Think about community services.;1
Q000365;3EP;Socials;community;services;1;test;Which place is related to books? (level 1);library|cinema|stadium|farm;library;Think about community services.;1
Q000366;3EP;Socials;community;services;1;test;Which place is related to local government? (level 1);town hall|cinema|stadium|farm;town hall;Think about community services.;1
Q000367;3EP;Socials;community;services;1;test;Which place is related to letters? (level 1);post office|cinema|stadium|farm;post office;Think about community services.;1
Q000368;3EP;Socials;community;services;1;test;Which place is related to recreation? (level 1);park|cinema|stadium|farm;park;Think about community services.;1
Q000369;3EP;Socials;community;services;1;test;Which place is related to shopping? (level 1);market|cinema|stadium|farm;market;Think about community services.;1
Q000370;3EP;Socials;community;services;1;test;Which place is related to history? (level 1);museum|cinema|stadium|farm;museum;Think about community services.;1
Q000371;3EP;Socials;community;services;1;arrastrar;Match each place with its service. (level 1);hospital|school|fire station;doctors|teachers|firefighters;Match places and what happens there.;1
Q000372;3EP;Socials;community;services;1;arrastrar;Match each place with its service. (level 1);school|fire station|police station;teachers|firefighters|police officers;Match places and what happens there.;1
Q000373;3EP;Socials;community;services;1;arrastrar;Match each place with its service. (level 1);fire station|police station|library;firefighters|police officers|books;Match places and what happens there.;1
Q000374;3EP;Socials;community;services;1;arrastrar;Match each place with its service. (level 1);police station|library|town hall;police officers|books|local government;Match places and what happens there.;1
Q000375;3EP;Socials;community;services;1;arrastrar;Match each place with its service. (level 1);library|town hall|post office;books|local government|letters;Match places and what happens there.;1
Q000376;3EP;Socials;community;services;1;arrastrar;Match each place with its service. (level 1);town hall|post office|park;local government|letters|recreation;Match places and what happens there.;1
Q000377;3EP;Socials;community;services;1;arrastrar;Match each place with its service. (level 1);post office|park|market;letters|recreation|shopping;Match places and what happens there.;1
Q000378;3EP;Socials;community;services;1;arrastrar;Match each place with its service. (level 1);park|market|museum;recreation|shopping|history;Match places and what happens there.;1
Q000379;3EP;Socials;community;services;1;arrastrar;Match each place with its service. (level 1);market|museum|hospital;shopping|history|doctors;Match places and what happens there.;1
Q000380;3EP;Socials;community;services;1;arrastrar;Match each place with its service. (level 1);museum|hospital|school;history|doctors|teachers;Match places and what happens there.;1
Q000381;3EP;Socials;community;services;2;test;Which place is related to doctors? (level 2);hospital|cinema|stadium|farm;hospital;Think about community services.;1
Q000382;3EP;Socials;community;services;2;test;Which place is related to teachers? (level 2);school|cinema|stadium|farm;school;Think about community services.;1
Q000383;3EP;Socials;community;services;2;test;Which place is related to firefighters? (level 2);fire station|cinema|stadium|farm;fire station;Think about community services.;1
Q000384;3EP;Socials;community;services;2;test;Which place is related to police officers? (level 2);police station|cinema|stadium|farm;police station;Think about community services.;1
Q000385;3EP;Socials;community;services;2;test;Which place is related to books? (level 2);library|cinema|stadium|farm;library;Think about community services.;1
Q000386;3EP;Socials;community;services;2;test;Which place is related to local government? (level 2);town hall|cinema|stadium|farm;town hall;Think about community services.;1
Q000387;3EP;Socials;community;services;2;test;Which place is related to letters? (level 2);post office|cinema|stadium|farm;post office;Think about community services.;1
Q000388;3EP;Socials;community;services;2;test;Which place is related to recreation? (level 2);park|cinema|stadium|farm;park;Think about community services.;1
Q000389;3EP;Socials;community;services;2;test;Which place is related to shopping? (level 2);market|cinema|stadium|farm;market;Think about community services.;1
Q000390;3EP;Socials;community;services;2;test;Which place is related to history? (level 2);museum|cinema|stadium|farm;museum;Think about community services.;1
Q000391;3EP;Socials;community;services;2;arrastrar;Match each place with its service. (level 2);hospital|school|fire station;doctors|teachers|firefighters;Match places and what happens there.;1
Q000392;3EP;Socials;community;services;2;arrastrar;Match each place with its service. (level 2);school|fire station|police station;teachers|firefighters|police officers;Match places and what happens there.;1
Q000393;3EP;Socials;community;services;2;arrastrar;Match each place with its service. (level 2);fire station|police station|library;firefighters|police officers|books;Match places and what happens there.;1
Q000394;3EP;Socials;community;services;2;arrastrar;Match each place with its service. (level 2);police station|library|town hall;police officers|books|local government;Match places and what happens there.;1
Q000395;3EP;Socials;community;services;2;arrastrar;Match each place with its service. (level 2);library|town hall|post office;books|local government|letters;Match places and what happens there.;1
Q000396;3EP;Socials;community;services;2;arrastrar;Match each place with its service. (level 2);town hall|post office|park;local government|letters|recreation;Match places and what happens there.;1
Q000397;3EP;Socials;community;services;2;arrastrar;Match each place with its service. (level 2);post office|park|market;letters|recreation|shopping;Match places and what happens there.;1
Q000398;3EP;Socials;community;services;2;arrastrar;Match each place with its service. (level 2);park|market|museum;recreation|shopping|history;Match places and what happens there.;1
Q000399;3EP;Socials;community;services;2;arrastrar;Match each place with its service. (level 2);market|museum|hospital;shopping|history|doctors;Match places and what happens there.;1
Q000400;3EP;Socials;community;services;2;arrastrar;Match each place with its service. (level 2);museum|hospital|school;history|doctors|teachers;Match places and what happens there.;1
Q000401;3EP;Socials;community;services;3;test;Which place is related to doctors? (level 3);hospital|cinema|stadium|farm;hospital;Think about community services.;1
Q000402;3EP;Socials;community;services;3;test;Which place is related to teachers? (level 3);school|cinema|stadium|farm;school;Think about community services.;1
Q000403;3EP;Socials;community;services;3;test;Which place is related to firefighters? (level 3);fire station|cinema|stadium|farm;fire station;Think about community services.;1
Q000404;3EP;Socials;community;services;3;test;Which place is related to police officers? (level 3);police station|cinema|stadium|farm;police station;Think about community services.;1
Q000405;3EP;Socials;community;services;3;test;Which place is related to books? (level 3);library|cinema|stadium|farm;library;Think about community services.;1
Q000406;3EP;Socials;community;services;3;test;Which place is related to local government? (level 3);town hall|cinema|stadium|farm;town hall;Think about community services.;1
Q000407;3EP;Socials;community;services;3;test;Which place is related to letters? (level 3);post office|cinema|stadium|farm;post office;Think about community services.;1
Q000408;3EP;Socials;community;services;3;test;Which place is related to recreation? (level 3);park|cinema|stadium|farm;park;Think about community services.;1
Q000409;3EP;Socials;community;services;3;test;Which place is related to shopping? (level 3);market|cinema|stadium|farm;market;Think about community services.;1
Q000410;3EP;Socials;community;services;3;test;Which place is related to history? (level 3);museum|cinema|stadium|farm;museum;Think about community services.;1
Q000411;3EP;Socials;community;services;3;arrastrar;Match each place with its service. (level 3);hospital|school|fire station;doctors|teachers|firefighters;Match places and what happens there.;1
Q000412;3EP;Socials;community;services;3;arrastrar;Match each place with its service. (level 3);school|fire station|police station;teachers|firefighters|police officers;Match places and what happens there.;1
Q000413;3EP;Socials;community;services;3;arrastrar;Match each place with its service. (level 3);fire station|police station|library;firefighters|police officers|books;Match places and what happens there.;1
Q000414;3EP;Socials;community;services;3;arrastrar;Match each place with its service. (level 3);police station|library|town hall;police officers|books|local government;Match places and what happens there.;1
Q000415;3EP;Socials;community;services;3;arrastrar;Match each place with its service. (level 3);library|town hall|post office;books|local government|letters;Match places and what happens there.;1
Q000416;3EP;Socials;community;services;3;arrastrar;Match each place with its service. (level 3);town hall|post office|park;local government|letters|recreation;Match places and what happens there.;1
Q000417;3EP;Socials;community;services;3;arrastrar;Match each place with its service. (level 3);post office|park|market;letters|recreation|shopping;Match places and what happens there.;1
Q000418;3EP;Socials;community;services;3;arrastrar;Match each place with its service. (level 3);park|market|museum;recreation|shopping|history;Match places and what happens there.;1
Q000419;3EP;Socials;community;services;3;arrastrar;Match each place with its service. (level 3);market|museum|hospital;shopping|history|doctors;Match places and what happens there.;1
Q000420;3EP;Socials;community;services;3;arrastrar;Match each place with its service. (level 3);museum|hospital|school;history|doctors|teachers;Match places and what happens there.;1
Q000421;3EP;Socials;geography;directions;1;test;Which direction does 'N' mean? (level 1);north|south|east|west;north;Remember the four cardinal directions.;1
Q000422;3EP;Socials;geography;directions;1;test;Which direction does 'S' mean? (level 1);south|north|east|west;south;Remember the four cardinal directions.;1
Q000423;3EP;Socials;geography;directions;1;test;Which direction does 'E' mean? (level 1);east|north|south|west;east;Remember the four cardinal directions.;1
Q000424;3EP;Socials;geography;directions;1;test;Which direction does 'W' mean? (level 1);west|north|south|east;west;Remember the four cardinal directions.;1
Q000425;3EP;Socials;geography;directions;1;test;Which direction does 'N' mean? (level 1);north|south|east|west;north;Remember the four cardinal directions.;1
Q000426;3EP;Socials;geography;directions;1;test;Which direction does 'S' mean? (level 1);south|north|east|west;south;Remember the four cardinal directions.;1
Q000427;3EP;Socials;geography;directions;1;test;Which direction does 'E' mean? (level 1);east|north|south|west;east;Remember the four cardinal directions.;1
Q000428;3EP;Socials;geography;directions;1;test;Which direction does 'W' mean? (level 1);west|north|south|east;west;Remember the four cardinal directions.;1
Q000429;3EP;Socials;geography;directions;1;test;Which direction does 'N' mean? (level 1);north|south|east|west;north;Remember the four cardinal directions.;1
Q000430;3EP;Socials;geography;directions;1;test;Which direction does 'S' mean? (level 1);south|north|east|west;south;Remember the four cardinal directions.;1
Q000431;3EP;Socials;geography;directions;1;completar;The opposite of south is ___.;north|south|east|west;north;Think of opposite cardinal directions.;1
Q000432;3EP;Socials;geography;directions;1;completar;The opposite of north is ___.;north|south|east|west;south;Think of opposite cardinal directions.;1
Q000433;3EP;Socials;geography;directions;1;completar;The opposite of west is ___.;north|south|east|west;east;Think of opposite cardinal directions.;1
Q000434;3EP;Socials;geography;directions;1;completar;The opposite of east is ___.;north|south|east|west;west;Think of opposite cardinal directions.;1
Q000435;3EP;Socials;geography;directions;1;completar;The opposite of south is ___.;north|south|east|west;north;Think of opposite cardinal directions.;1
Q000436;3EP;Socials;geography;directions;1;completar;The opposite of north is ___.;north|south|east|west;south;Think of opposite cardinal directions.;1
Q000437;3EP;Socials;geography;directions;1;completar;The opposite of west is ___.;north|south|east|west;east;Think of opposite cardinal directions.;1
Q000438;3EP;Socials;geography;directions;1;completar;The opposite of east is ___.;north|south|east|west;west;Think of opposite cardinal directions.;1
Q000439;3EP;Socials;geography;directions;1;completar;The opposite of south is ___.;north|south|east|west;north;Think of opposite cardinal directions.;1
Q000440;3EP;Socials;geography;directions;1;completar;The opposite of north is ___.;north|south|east|west;south;Think of opposite cardinal directions.;1
Q000441;3EP;Socials;geography;directions;2;test;Which direction does 'N' mean? (level 2);north|south|east|west;north;Remember the four cardinal directions.;1
Q000442;3EP;Socials;geography;directions;2;test;Which direction does 'S' mean? (level 2);south|north|east|west;south;Remember the four cardinal directions.;1
Q000443;3EP;Socials;geography;directions;2;test;Which direction does 'E' mean? (level 2);east|north|south|west;east;Remember the four cardinal directions.;1
Q000444;3EP;Socials;geography;directions;2;test;Which direction does 'W' mean? (level 2);west|north|south|east;west;Remember the four cardinal directions.;1
Q000445;3EP;Socials;geography;directions;2;test;Which direction does 'N' mean? (level 2);north|south|east|west;north;Remember the four cardinal directions.;1
Q000446;3EP;Socials;geography;directions;2;test;Which direction does 'S' mean? (level 2);south|north|east|west;south;Remember the four cardinal directions.;1
Q000447;3EP;Socials;geography;directions;2;test;Which direction does 'E' mean? (level 2);east|north|south|west;east;Remember the four cardinal directions.;1
Q000448;3EP;Socials;geography;directions;2;test;Which direction does 'W' mean? (level 2);west|north|south|east;west;Remember the four cardinal directions.;1
Q000449;3EP;Socials;geography;directions;2;test;Which direction does 'N' mean? (level 2);north|south|east|west;north;Remember the four cardinal directions.;1
Q000450;3EP;Socials;geography;directions;2;test;Which direction does 'S' mean? (level 2);south|north|east|west;south;Remember the four cardinal directions.;1
Q000451;3EP;Socials;geography;directions;2;completar;The opposite of south is ___.;north|south|east|west;north;Think of opposite cardinal directions.;1
Q000452;3EP;Socials;geography;directions;2;completar;The opposite of north is ___.;north|south|east|west;south;Think of opposite cardinal directions.;1
Q000453;3EP;Socials;geography;directions;2;completar;The opposite of west is ___.;north|south|east|west;east;Think of opposite cardinal directions.;1
Q000454;3EP;Socials;geography;directions;2;completar;The opposite of east is ___.;north|south|east|west;west;Think of opposite cardinal directions.;1
Q000455;3EP;Socials;geography;directions;2;completar;The opposite of south is ___.;north|south|east|west;north;Think of opposite cardinal directions.;1
Q000456;3EP;Socials;geography;directions;2;completar;The opposite of north is ___.;north|south|east|west;south;Think of opposite cardinal directions.;1
Q000457;3EP;Socials;geography;directions;2;completar;The opposite of west is ___.;north|south|east|west;east;Think of opposite cardinal directions.;1
Q000458;3EP;Socials;geography;directions;2;completar;The opposite of east is ___.;north|south|east|west;west;Think of opposite cardinal directions.;1
Q000459;3EP;Socials;geography;directions;2;completar;The opposite of south is ___.;north|south|east|west;north;Think of opposite cardinal directions.;1
Q000460;3EP;Socials;geography;directions;2;completar;The opposite of north is ___.;north|south|east|west;south;Think of opposite cardinal directions.;1
Q000461;3EP;Socials;geography;directions;3;test;Which direction does 'N' mean? (level 3);north|south|east|west;north;Remember the four cardinal directions.;1
Q000462;3EP;Socials;geography;directions;3;test;Which direction does 'S' mean? (level 3);south|north|east|west;south;Remember the four cardinal directions.;1
Q000463;3EP;Socials;geography;directions;3;test;Which direction does 'E' mean? (level 3);east|north|south|west;east;Remember the four cardinal directions.;1
Q000464;3EP;Socials;geography;directions;3;test;Which direction does 'W' mean? (level 3);west|north|south|east;west;Remember the four cardinal directions.;1
Q000465;3EP;Socials;geography;directions;3;test;Which direction does 'N' mean? (level 3);north|south|east|west;north;Remember the four cardinal directions.;1
Q000466;3EP;Socials;geography;directions;3;test;Which direction does 'S' mean? (level 3);south|north|east|west;south;Remember the four cardinal directions.;1
Q000467;3EP;Socials;geography;directions;3;test;Which direction does 'E' mean? (level 3);east|north|south|west;east;Remember the four cardinal directions.;1
Q000468;3EP;Socials;geography;directions;3;test;Which direction does 'W' mean? (level 3);west|north|south|east;west;Remember the four cardinal directions.;1
Q000469;3EP;Socials;geography;directions;3;test;Which direction does 'N' mean? (level 3);north|south|east|west;north;Remember the four cardinal directions.;1
Q000470;3EP;Socials;geography;directions;3;test;Which direction does 'S' mean? (level 3);south|north|east|west;south;Remember the four cardinal directions.;1
Q000471;3EP;Socials;geography;directions;3;completar;The opposite of south is ___.;north|south|east|west;north;Think of opposite cardinal directions.;1
Q000472;3EP;Socials;geography;directions;3;completar;The opposite of north is ___.;north|south|east|west;south;Think of opposite cardinal directions.;1
Q000473;3EP;Socials;geography;directions;3;completar;The opposite of west is ___.;north|south|east|west;east;Think of opposite cardinal directions.;1
Q000474;3EP;Socials;geography;directions;3;completar;The opposite of east is ___.;north|south|east|west;west;Think of opposite cardinal directions.;1
Q000475;3EP;Socials;geography;directions;3;completar;The opposite of south is ___.;north|south|east|west;north;Think of opposite cardinal directions.;1
Q000476;3EP;Socials;geography;directions;3;completar;The opposite of north is ___.;north|south|east|west;south;Think of opposite cardinal directions.;1
Q000477;3EP;Socials;geography;directions;3;completar;The opposite of west is ___.;north|south|east|west;east;Think of opposite cardinal directions.;1
Q000478;3EP;Socials;geography;directions;3;completar;The opposite of east is ___.;north|south|east|west;west;Think of opposite cardinal directions.;1
Q000479;3EP;Socials;geography;directions;3;completar;The opposite of south is ___.;north|south|east|west;north;Think of opposite cardinal directions.;1
Q000480;3EP;Socials;geography;directions;3;completar;The opposite of north is ___.;north|south|east|west;south;Think of opposite cardinal directions.;1
